emp_id,emp_name,last_changed_at
22,Evelyn Scott,2023-06-09
19,Logan Hernandez,2023-05-22
10,Liam Taylor,2022-09-01
13,Ethan Lewis,2023-01-15
2,Michael Smith,2022-08-01
18,Amelia Young,2023-02-01
27,Jackson Carter,2022-12-30
30,Luna Turner,2023-05-05
3,Sarah Davis,2023-04-01
12,Isabella Clark,2023-07-19
5,Emma Brown,2023-05-15
8,James Anderson,2023-06-05
26,Ella Nelson,2023-06-01
24,Abigail Adams,2023-04-17
29,Jacob Roberts,2022-08-16
4,David Miller,2022-11-01
6,Daniel Lee,2022-03-21
11,Noah Moore,2021-11-30
9,Sophia Martinez,2023-01-11
21,Elijah Wright,2023-01-30
23,Aiden Green,2023-02-25
15,Alexander Walker,2022-10-22
14,Mia Robinson,2023-08-01
7,Olivia Wilson,2023-02-17
20,Harper King,2022-09-14
1,Alice Johnson,2023-01-01
17,Benjamin Allen,2022-12-07
28,Emily Perez,2023-01-09
16,Charlotte Hall,2023-03-14
25,Lucas Baker,2023-03-11
